review,sentiment
This movie was absolutely fantastic! The story was compelling and the acting was superb.,positive
One of the best films I have ever seen. Masterpiece of modern cinema.,positive
Incredible performances from the entire cast. Highly recommended!,positive
A beautiful and touching story that moved me to tears. Loved every minute.,positive
Brilliant direction and stunning visuals. A must-watch for everyone.,positive
The plot twists kept me on the edge of my seat throughout.,positive
Exceptional filmmaking at its finest. Perfect pacing and great characters.,positive
I was completely captivated from start to finish. Outstanding!,positive
A wonderful blend of drama and humor that works perfectly together.,positive
The cinematography is breathtaking and the score is mesmerizing.,positive
Absolutely loved this film. Exceeded all my expectations.,positive
Heartwarming and inspiring story that will stay with you for days.,positive
A true cinematic gem. The writing is sharp and the acting is flawless.,positive
Deeply moving and emotionally resonant. Best movie of the year.,positive
"Funny, touching, and thought-provoking. A perfect film.",positive
The chemistry between the leads is electric. Phenomenal movie.,positive
Gripping from beginning to end. The best thriller I have seen in years.,positive
Beautifully crafted with incredible attention to detail.,positive
A spectacular achievement in storytelling. Simply outstanding.,positive
This deserves every award it gets. An absolute triumph.,positive
Terrible movie. Boring plot and terrible acting. Wasted two hours of my life.,negative
Complete disaster. The story made no sense and the characters were annoying.,negative
One of the worst movies I have ever seen. Avoid at all costs.,negative
Awful cinematography and a nonsensical plot. Very disappointing.,negative
The acting was wooden and the dialogue was cringe-worthy throughout.,negative
A complete waste of money and time. Nothing redeemable about this film.,negative
Painfully slow and utterly boring. Could not wait for it to end.,negative
The script is a mess and the plot holes are enormous.,negative
Horrible characters I could not care less about. Terrible film.,negative
Appalling special effects and a generic unoriginal story.,negative
This film insults the intelligence of its audience. Dreadful.,negative
Poorly directed and poorly acted. A complete failure.,negative
The worst screenplay I have seen in years. Absolutely awful.,negative
Laughably bad visual effects and a storyline that goes nowhere.,negative
A tedious and uninspired film that bores you into submission.,negative
"Dull, predictable, and forgettable. Save your money.",negative
The director clearly had no idea what they were doing.,negative
A sloppy and amateurish production that fails on every level.,negative
Excruciating to sit through. One of the year's biggest disappointments.,negative
Poorly written with zero character development. Skip this one.,negative
The movie was okay. Some good moments but overall nothing special.,neutral
Decent film with a few standout scenes but mostly forgettable.,neutral
"Average production value. Some scenes work, others do not.",neutral
It was fine. Nothing groundbreaking but watchable enough.,neutral
Had potential but the execution was mixed. Worth a single watch maybe.,neutral
Some impressive moments but the overall film felt uneven.,neutral
"Not bad, not great. A middle-of-the-road experience.",neutral
Interesting concept but the story did not fully deliver on it.,neutral
Solid performances carrying a mediocre script.,neutral
Enjoyable enough for a lazy afternoon but nothing memorable.,neutral
A fair effort that partially succeeds but also partially disappoints.,neutral
The first half is strong but the second half falls apart.,neutral
Good ideas that are only partially executed well.,neutral
Better than I expected but still not a great movie overall.,neutral
Hits some emotional notes but the story meanders too much.,neutral
Technically competent but emotionally cold.,neutral
A passable film that does what you expect and nothing more.,neutral
Some great individual scenes in an otherwise average movie.,neutral
Not as good as the hype suggested but not terrible either.,neutral
Worth watching once if you have nothing better to do.,neutral
I did not hate this movie as much as I expected to.,neutral
"Not the worst movie ever made, but definitely not good.",negative
I wanted to love this but it just did not work for me.,negative
"Despite the terrible trailer, the movie was surprisingly decent.",neutral
The acting is great but everything else falls flat.,negative
Beautiful visuals cannot save a terrible story.,negative
Started strong but completely fell apart in the third act.,negative
I cannot believe they ruined such a promising concept.,negative
A few laughs here and there but mostly disappointing.,negative
The ending almost made up for the boring first two hours.,neutral
